{
  "parent": "item/generated",
  "textures": {
    "layer0": "blackfunnydust1_20_1:item/dust_texture"
  },
  "overrides": [
    {
      "predicate": {
        "damaged": 1,
        "damage": 0.5
      },
      "model": "blackfunnydust1_20_1:item/dust_0"
    },
    {
      "predicate": {
        "damaged": 1,
        "damage": 1
      },
      "model": "blackfunnydust1_20_1:item/dust_1"
    },
    {
      "predicate": {
        "damaged": 1,
        "damage": 0.75
      },
      "model": "blackfunnydust1_20_1:item/dust_2"
    }
  ]
}