{
  "dust_sounds": {
    "sounds": [
      {
        "name": "blackfunnydust1_20_1:amogus",
        "stream": false
      },
      {
        "name": "blackfunnydust1_20_1:android",
        "stream": false
      },
      {
        "name": "blackfunnydust1_20_1:augh",
        "stream": false
      },
      {
        "name": "blackfunnydust1_20_1:ben",
        "stream": false
      },
      {
        "name": "blackfunnydust1_20_1:berserk",
        "stream": false
      },
      {
        "name": "blackfunnydust1_20_1:brainfart",
        "stream": false
      },
      {
        "name": "blackfunnydust1_20_1:bruh",
        "stream": false
      },
      {
        "name": "blackfunnydust1_20_1:fart",
        "stream": false
      },
      {
        "name": "blackfunnydust1_20_1:fbi",
        "stream": false
      },
      {
        "name": "blackfunnydust1_20_1:intro",
        "stream": false
      },
      {
        "name": "blackfunnydust1_20_1:mepican",
        "stream": false
      },
      {
        "name": "blackfunnydust1_20_1:prowler",
        "stream": false
      },
      {
        "name": "blackfunnydust1_20_1:puffer",
        "stream": false
      },
      {
        "name": "blackfunnydust1_20_1:putin",
        "stream": false
      },
      {
        "name": "blackfunnydust1_20_1:stopit",
        "stream": false
      },
      {
        "name": "blackfunnydust1_20_1:uraro",
        "stream": false
      },
      {
        "name": "blackfunnydust1_20_1:uwu",
        "stream": false
      },
      {
        "name": "blackfunnydust1_20_1:vineboom",
        "stream": false
      },
      {
        "name": "blackfunnydust1_20_1:whyareyougay",
        "stream": false
      },
      {
        "name": "blackfunnydust1_20_1:whyareyourunning",
        "stream": false
      }
    ]
  }
}