{
  "_fv": 47,
  "_type": "achievement",
  "definition": {
    "achievementName": "Almost Broke Funny Dust (Not Fun)",
    "achievementDescription": "You almost broke the Funny Dust...",
    "achievementIcon": {
      "value": "CUSTOM:AlmostBrokeDust"
    },
    "background": "Default",
    "disableDisplay": false,
    "showPopup": true,
    "announceToChat": true,
    "hideIfNotCompleted": false,
    "rewardLoot": [],
    "rewardRecipes": [],
    "rewardFunction": "No function",
    "rewardXP": 0,
    "achievementType": "goal",
    "parent": {
      "value": "CUSTOM:FoundDust"
    },
    "triggerxml": "<xml xmlns=\"https://developers.google.com/blockly/xml\"><block type=\"item_damaged\" x=\"43\" y=\"29\"><value name=\"item\"><block type=\"mcitem_all\"><field name=\"value\">CUSTOM:Dust</field></block></value><value name=\"amount_l\"><block type=\"math_number\"><field name=\"NUM\">0</field></block></value><value name=\"amount_h\"><block type=\"math_number\"><field name=\"NUM\">0.25</field></block></value><next><block type=\"advancement_trigger\" deletable=\"false\"></block></next></block></xml>"
  }
}