{
  "_fv": 47,
  "_type": "item",
  "definition": {
    "renderType": 0,
    "texture": "dust_texture",
    "customModelName": "Normal",
    "customProperties": {},
    "states": [
      {
        "renderType": 0,
        "texture": "dust_texture_small_damage",
        "customModelName": "Normal",
        "stateMap": [
          {
            "property": {
              "name": "damaged",
              "type": "logic"
            },
            "value": true
          },
          {
            "property": {
              "min": 0.0,
              "max": 1.0,
              "name": "damage",
              "type": "number"
            },
            "value": 0.5
          }
        ]
      },
      {
        "renderType": 0,
        "texture": "dust_texture",
        "customModelName": "Normal",
        "stateMap": [
          {
            "property": {
              "name": "damaged",
              "type": "logic"
            },
            "value": true
          },
          {
            "property": {
              "min": 0.0,
              "max": 1.0,
              "name": "damage",
              "type": "number"
            },
            "value": 1.0
          }
        ]
      },
      {
        "renderType": 0,
        "texture": "dust_texture_large_damage",
        "customModelName": "Normal",
        "stateMap": [
          {
            "property": {
              "name": "damaged",
              "type": "logic"
            },
            "value": true
          },
          {
            "property": {
              "min": 0.0,
              "max": 1.0,
              "name": "damage",
              "type": "number"
            },
            "value": 0.75
          }
        ]
      }
    ],
    "name": "Funny Dust",
    "rarity": "EPIC",
    "creativeTab": {
      "value": "BREWING"
    },
    "stackSize": 1,
    "enchantability": -15,
    "useDuration": 0,
    "toolType": 1.0,
    "damageCount": 256,
    "recipeRemainder": {
      "value": ""
    },
    "destroyAnyBlock": false,
    "immuneToFire": true,
    "stayInGridWhenCrafting": false,
    "damageOnCrafting": false,
    "enableMeleeDamage": false,
    "damageVsEntity": 0.0,
    "specialInfo": [],
    "hasGlow": true,
    "guiBoundTo": "<NONE>",
    "inventorySize": 9,
    "inventoryStackSize": 16,
    "onRightClickedInAir": {
      "name": "DustClick"
    },
    "isFood": false,
    "nutritionalValue": 4,
    "saturation": 0.3,
    "eatResultItem": {
      "value": ""
    },
    "isMeat": false,
    "isAlwaysEdible": false,
    "animation": "none"
  }
}