{
  "display": {
    "icon": {
      "item": "blackfunnydust1_20_1:almost_broke_dust"
    },
    "title": {
      "translate": "advancements.almost_broke.title"
    },
    "description": {
      "translate": "advancements.almost_broke.descr"
    },
    "frame": "goal",
    "show_toast": true,
    "announce_to_chat": true,
    "hidden": false
  },
  "criteria": {
    "almost_broke": {
      "trigger": "minecraft:item_durability_changed",
      "conditions": {
        "item": {
          "items": [
            "blackfunnydust1_20_1:dust"
          ],
          "durability": {
            "min": 0,
            "max": 0.25
          }
        }
      }
    }
  },
  "parent": "blackfunnydust1_20_1:found_dust"
}