{
  "display": {
    "icon": {
      "item": "blackfunnydust1_20_1:dust"
    },
    "title": {
      "translate": "advancements.found_dust.title"
    },
    "description": {
      "translate": "advancements.found_dust.descr"
    },
    "frame": "goal",
    "show_toast": true,
    "announce_to_chat": true,
    "hidden": false
  },
  "criteria": {
    "found_dust": {
      "trigger": "minecraft:inventory_changed",
      "conditions": {
        "items": [
          {
            "items": [
              "blackfunnydust1_20_1:dust"
            ],
            "count": {
              "min": 1,
              "max": 1
            }
          }
        ]
      }
    }
  },
  "rewards": {
    "experience": 10
  },
  "parent": "minecraft:adventure/trade"
}